revoked, unrevoked
262328, 28341276
Bloom Filter Cascade
level, insert, lookup, # fp's, fp, memory(bytes), bits per item
1, 262328, 28341276, 2862, 0.00010, 628701, 19.17297
2, 2862, 262328, 28, 0.00011, 6859, 19.17261
3, 28, 2862, 0, 0.00000, 67, 19.14286
bfc insert time
1.313030
bf lookup time
634.526670
